"DR1TSELE","LBXBSE","age","sex_male_i","race","education","pir","smoke","drink","pred","se_model"
35.19,148.527,51,1,"Non-Hispanic White","Less than HS",2.37,"Never","No",-0.00308837971993295,0.00478989441435482
46.06,148.527,51,1,"Non-Hispanic White","Less than HS",2.37,"Never","No",-0.00326796951401613,0.00469203547374278
54.39,148.527,51,1,"Non-Hispanic White","Less than HS",2.37,"Never","No",-0.00339887213215606,0.00462578980945257
62.2,148.527,51,1,"Non-Hispanic White","Less than HS",2.37,"Never","No",-0.0035152476907899,0.00457038793709587
68,148.527,51,1,"Non-Hispanic White","Less than HS",2.37,"Never","No",-0.00359715475260214,0.00453349378600504
74.5,148.527,51,1,"Non-Hispanic White","Less than HS",2.37,"Never","No",-0.00368416828131045,0.00449672221558784
80.9,148.527,51,1,"Non-Hispanic White","Less than HS",2.37,"Never","No",-0.00376602116151597,0.00446571176683029
87.3,148.527,51,1,"Non-Hispanic White","Less than HS",2.37,"Never","No",-0.00384555553076851,0.00444015725953657
93,148.527,51,1,"Non-Hispanic White","Less than HS",2.37,"Never","No",-0.00391562823012708,0.00442196117453164
99,148.527,51,1,"Non-Hispanic White","Less than HS",2.37,"Never","No",-0.00398979715721764,0.00440714338078935
106.5,148.527,51,1,"Non-Hispanic White","Less than HS",2.37,"Never","No",-0.00408490152451038,0.00439406726344019
114.62,148.527,51,1,"Non-Hispanic White","Less than HS",2.37,"Never","No",-0.00419226928465913,0.00438583075527366
121.7,148.527,51,1,"Non-Hispanic White","Less than HS",2.37,"Never","No",-0.00428919128964876,0.00438372806824515
130.64,148.527,51,1,"Non-Hispanic White","Less than HS",2.37,"Never","No",-0.0044150898725433,0.00438851082694726
141.7,148.527,51,1,"Non-Hispanic White","Less than HS",2.37,"Never","No",-0.00457473687003796,0.00440730424812986
153.18,148.527,51,1,"Non-Hispanic White","Less than HS",2.37,"Never","No",-0.00474292126676577,0.00444314850736137
165.6,148.527,51,1,"Non-Hispanic White","Less than HS",2.37,"Never","No",-0.00492596375135678,0.00450069478605606
187,148.527,51,1,"Non-Hispanic White","Less than HS",2.37,"Never","No",-0.00524354747615491,0.0046424545567851
223.28,148.527,51,1,"Non-Hispanic White","Less than HS",2.37,"Never","No",-0.00578815449692324,0.00498960444598146
35.19,155.818,51,1,"Non-Hispanic White","Less than HS",2.37,"Never","No",-0.00268638743146278,0.00465598426431034
46.06,155.818,51,1,"Non-Hispanic White","Less than HS",2.37,"Never","No",-0.00288973950428655,0.00457671288919215
54.39,155.818,51,1,"Non-Hispanic White","Less than HS",2.37,"Never","No",-0.00303929455603191,0.00452298384584787
62.2,155.818,51,1,"Non-Hispanic White","Less than HS",2.37,"Never","No",-0.00317357671936273,0.00447795923361503
68,155.818,51,1,"Non-Hispanic White","Less than HS",2.37,"Never","No",-0.00326907942734203,0.00444790697202334
74.5,155.818,51,1,"Non-Hispanic White","Less than HS",2.37,"Never","No",-0.00337164654746962,0.00441788171358163
80.9,155.818,51,1,"Non-Hispanic White","Less than HS",2.37,"Never","No",-0.0034690806412118,0.00439248478813062
87.3,155.818,51,1,"Non-Hispanic White","Less than HS",2.37,"Never","No",-0.00356437973978408,0.00437147134617533
93,155.818,51,1,"Non-Hispanic White","Less than HS",2.37,"Never","No",-0.00364858177548596,0.00435641925651865
99,155.818,51,1,"Non-Hispanic White","Less than HS",2.37,"Never","No",-0.00373764879024577,0.00434404316952959
106.5,155.818,51,1,"Non-Hispanic White","Less than HS",2.37,"Never","No",-0.00385131233887633,0.00433289959672471
114.62,155.818,51,1,"Non-Hispanic White","Less than HS",2.37,"Never","No",-0.00397860828910806,0.00432550664551508
121.7,155.818,51,1,"Non-Hispanic White","Less than HS",2.37,"Never","No",-0.00409277007498132,0.0043230807454625
130.64,155.818,51,1,"Non-Hispanic White","Less than HS",2.37,"Never","No",-0.00424027574365474,0.00432595187811345
141.7,155.818,51,1,"Non-Hispanic White","Less than HS",2.37,"Never","No",-0.00442643711235286,0.00433986568521164
153.18,155.818,51,1,"Non-Hispanic White","Less than HS",2.37,"Never","No",-0.00462193464495014,0.00436755354528133
165.6,155.818,51,1,"Non-Hispanic White","Less than HS",2.37,"Never","No",-0.00483432671763434,0.0044128230126426
187,155.818,51,1,"Non-Hispanic White","Less than HS",2.37,"Never","No",-0.00520200866328614,0.00452594183924069
223.28,155.818,51,1,"Non-Hispanic White","Less than HS",2.37,"Never","No",-0.00583021509292186,0.00480749644444757
35.19,160.638,51,1,"Non-Hispanic White","Less than HS",2.37,"Never","No",-0.00241911821354522,0.00457998531490979
46.06,160.638,51,1,"Non-Hispanic White","Less than HS",2.37,"Never","No",-0.0026377451091614,0.00451145440090309
54.39,160.638,51,1,"Non-Hispanic White","Less than HS",2.37,"Never","No",-0.00279948699800379,0.00446495250774441
62.2,160.638,51,1,"Non-Hispanic White","Less than HS",2.37,"Never","No",-0.00294565026882235,0.00442594000877028
68,160.638,51,1,"Non-Hispanic White","Less than HS",2.37,"Never","No",-0.00305029979720011,0.00439986837110896
74.5,160.638,51,1,"Non-Hispanic White","Less than HS",2.37,"Never","No",-0.00316346098197935,0.00437377566951836
80.9,160.638,51,1,"Non-Hispanic White","Less than HS",2.37,"Never","No",-0.00327160726449092,0.00435163776804091
87.3,160.638,51,1,"Non-Hispanic White","Less than HS",2.37,"Never","No",-0.00337779968722677,0.0043332329646125
93,160.638,51,1,"Non-Hispanic White","Less than HS",2.37,"Never","No",-0.0034717771665454,0.0043199632584271
99,160.638,51,1,"Non-Hispanic White","Less than HS",2.37,"Never","No",-0.00357113041574,0.00430896118011974
106.5,160.638,51,1,"Non-Hispanic White","Less than HS",2.37,"Never","No",-0.00369752663723804,0.00429893548854748
114.62,160.638,51,1,"Non-Hispanic White","Less than HS",2.37,"Never","No",-0.00383835391539118,0.00429214278990154
121.7,160.638,51,1,"Non-Hispanic White","Less than HS",2.37,"Never","No",-0.00396411749038494,0.00428971957992989
130.64,160.638,51,1,"Non-Hispanic White","Less than HS",2.37,"Never","No",-0.00412605578766413,0.00429180556778071
141.7,160.638,51,1,"Non-Hispanic White","Less than HS",2.37,"Never","No",-0.00432981387239791,0.00430332984145428
153.18,160.638,51,1,"Non-Hispanic White","Less than HS",2.37,"Never","No",-0.00454337827028119,0.00432669442005345
165.6,160.638,51,1,"Non-Hispanic White","Less than HS",2.37,"Never","No",-0.00477517742749958,0.00436517634032164
187,160.638,51,1,"Non-Hispanic White","Less than HS",2.37,"Never","No",-0.00517598446023053,0.0044619683101673
223.28,160.638,51,1,"Non-Hispanic White","Less than HS",2.37,"Never","No",-0.00585946193251709,0.00470506343976824
35.19,164.816,51,1,"Non-Hispanic White","Less than HS",2.37,"Never","No",-0.00218645302763401,0.00452236446944524
46.06,164.816,51,1,"Non-Hispanic White","Less than HS",2.37,"Never","No",-0.00241801733034524,0.00446206368792191
54.39,164.816,51,1,"Non-Hispanic White","Less than HS",2.37,"Never","No",-0.0025902223133628,0.00442110236063887
62.2,164.816,51,1,"Non-Hispanic White","Less than HS",2.37,"Never","No",-0.0027467143586327,0.00438671557746093
68,164.816,51,1,"Non-Hispanic White","Less than HS",2.37,"Never","No",-0.00285940324276698,0.00436371978149835
74.5,164.816,51,1,"Non-Hispanic White","Less than HS",2.37,"Never","No",-0.0029819649083935,0.00434067444082833
80.9,164.816,51,1,"Non-Hispanic White","Less than HS",2.37,"Never","No",-0.00309968373081045,0.00432106014275726
87.3,164.816,51,1,"Non-Hispanic White","Less than HS",2.37,"Never","No",-0.00321564743179102,0.00430466638820479
93,164.816,51,1,"Non-Hispanic White","Less than HS",2.37,"Never","No",-0.0033184015735755,0.004292763821105
99,164.816,51,1,"Non-Hispanic White","Less than HS",2.37,"Never","No",-0.00342697603960402,0.00428281706209854
106.5,164.816,51,1,"Non-Hispanic White","Less than HS",2.37,"Never","No",-0.00356473229196159,0.00427367820411921
114.62,164.816,51,1,"Non-Hispanic White","Less than HS",2.37,"Never","No",-0.0037175376633623,0.00426743949527515
121.7,164.816,51,1,"Non-Hispanic White","Less than HS",2.37,"Never","No",-0.00385350057476303,0.00426514928239991
130.64,164.816,51,1,"Non-Hispanic White","Less than HS",2.37,"Never","No",-0.00402805269084527,0.00426684059312739
141.7,164.816,51,1,"Non-Hispanic White","Less than HS",2.37,"Never","No",-0.00424711138473472,0.00427680463932129
153.18,164.816,51,1,"Non-Hispanic White","Less than HS",2.37,"Never","No",-0.00447634352257699,0.00429710182820097
165.6,164.816,51,1,"Non-Hispanic White","Less than HS",2.37,"Never","No",-0.00472496790292039,0.00433058123321932
187,164.816,51,1,"Non-Hispanic White","Less than HS",2.37,"Never","No",-0.00515449190515654,0.00441503087878895
223.28,164.816,51,1,"Non-Hispanic White","Less than HS",2.37,"Never","No",-0.00588588165636457,0.00462840898195659
35.19,168.8,51,1,"Non-Hispanic White","Less than HS",2.37,"Never","No",-0.00196374592315434,0.00447470630057372
46.06,168.8,51,1,"Non-Hispanic White","Less than HS",2.37,"Never","No",-0.00220736886304316,0.00442127354389907
54.39,168.8,51,1,"Non-Hispanic White","Less than HS",2.37,"Never","No",-0.0023894588287263,0.00438494122905553
62.2,168.8,51,1,"Non-Hispanic White","Less than HS",2.37,"Never","No",-0.00255582774087609,0.00435443330924222
68,168.8,51,1,"Non-Hispanic White","Less than HS",2.37,"Never","No",-0.00267628443613732,0.00433402808060695
74.5,168.8,51,1,"Non-Hispanic White","Less than HS",2.37,"Never","No",-0.00280800973345076,0.00431355922789701
80.9,168.8,51,1,"Non-Hispanic White","Less than HS",2.37,"Never","No",-0.00293512021034756,0.00429608410304603
87.3,168.8,51,1,"Non-Hispanic White","Less than HS",2.37,"Never","No",-0.00306070338188346,0.00428139815912815
93,168.8,51,1,"Non-Hispanic White","Less than HS",2.37,"Never","No",-0.00317210503350841,0.00427066099688555
99,168.8,51,1,"Non-Hispanic White","Less than HS",2.37,"Never","No",-0.00328975257216744,0.00426162442560728
106.5,168.8,51,1,"Non-Hispanic White","Less than HS",2.37,"Never","No",-0.00343863813143671,0.00425328134861076
114.62,168.8,51,1,"Non-Hispanic White","Less than HS",2.37,"Never","No",-0.00360309404565426,0.00424760287569821
121.7,168.8,51,1,"Non-Hispanic White","Less than HS",2.37,"Never","No",-0.00374891382854537,0.00424553861131823
130.64,168.8,51,1,"Non-Hispanic White","Less than HS",2.37,"Never","No",-0.00393558910576882,0.00424707154449804
141.7,168.8,51,1,"Non-Hispanic White","Less than HS",2.37,"Never","No",-0.00416928171903339,0.00425595708505343
153.18,168.8,51,1,"Non-Hispanic White","Less than HS",2.37,"Never","No",-0.00441346077687027,0.00427391070110933
165.6,168.8,51,1,"Non-Hispanic White","Less than HS",2.37,"Never","No",-0.00467813193515935,0.00430341569815969
187,168.8,51,1,"Non-Hispanic White","Less than HS",2.37,"Never","No",-0.00513504312123327,0.00437781649903841
223.28,168.8,51,1,"Non-Hispanic White","Less than HS",2.37,"Never","No",-0.00591212321465563,0.00456649818960269
35.19,171.824,51,1,"Non-Hispanic White","Less than HS",2.37,"Never","No",-0.00179419524026954,0.00444337558695311
46.06,171.824,51,1,"Non-Hispanic White","Less than HS",2.37,"Never","No",-0.00204678310526726,0.00439449765626288
54.39,171.824,51,1,"Non-Hispanic White","Less than HS",2.37,"Never","No",-0.00223631327601072,0.00436123997814229
62.2,171.824,51,1,"Non-Hispanic White","Less than HS",2.37,"Never","No",-0.00241019695335976,0.00433331596761153
68,171.824,51,1,"Non-Hispanic White","Less than HS",2.37,"Never","No",-0.00253661755745841,0.00431464285758872
74.5,171.824,51,1,"Non-Hispanic White","Less than HS",2.37,"Never","No",-0.00267543199944554,0.00429590445878058
80.9,171.824,51,1,"Non-Hispanic White","Less than HS",2.37,"Never","No",-0.00280984768562065,0.00427987517924823
87.3,171.824,51,1,"Non-Hispanic White","Less than HS",2.37,"Never","No",-0.00294293469066529,0.00426635441831565
93,171.824,51,1,"Non-Hispanic White","Less than HS",2.37,"Never","No",-0.00306108660981157,0.00425642379914463
99,171.824,51,1,"Non-Hispanic White","Less than HS",2.37,"Never","No",-0.00318580841474366,0.00424803138890253
106.5,171.824,51,1,"Non-Hispanic White","Less than HS",2.37,"Never","No",-0.00334333987504417,0.00424027499826567
114.62,171.824,51,1,"Non-Hispanic White","Less than HS",2.37,"Never","No",-0.00351679119256105,0.00423504296104179
121.7,171.824,51,1,"Non-Hispanic White","Less than HS",2.37,"Never","No",-0.00367017938899907,0.00423320251866343
130.64,171.824,51,1,"Non-Hispanic White","Less than HS",2.37,"Never","No",-0.00386611847579629,0.0042347333890043
141.7,171.824,51,1,"Non-Hispanic White","Less than HS",2.37,"Never","No",-0.00411094556609709,0.00424304192198994
153.18,171.824,51,1,"Non-Hispanic White","Less than HS",2.37,"Never","No",-0.00436647162625641,0.00425959258719089
165.6,171.824,51,1,"Non-Hispanic White","Less than HS",2.37,"Never","No",-0.00464332187813503,0.00428662961547011
187,171.824,51,1,"Non-Hispanic White","Less than HS",2.37,"Never","No",-0.00512101866514645,0.00435465156080919
223.28,171.824,51,1,"Non-Hispanic White","Less than HS",2.37,"Never","No",-0.00593277397988447,0.00452736233510415
35.19,174.962,51,1,"Non-Hispanic White","Less than HS",2.37,"Never","No",-0.00161791308491608,0.00441535685538048
46.06,174.962,51,1,"Non-Hispanic White","Less than HS",2.37,"Never","No",-0.00187963459420682,0.00437059175107521
54.39,174.962,51,1,"Non-Hispanic White","Less than HS",2.37,"Never","No",-0.00207682683742393,0.00434011633434588
62.2,174.962,51,1,"Non-Hispanic White","Less than HS",2.37,"Never","No",-0.00225852081958704,0.00431453597200419
68,174.962,51,1,"Non-Hispanic White","Less than HS",2.37,"Never","No",-0.00239118702700963,0.00429743885380634
74.5,174.962,51,1,"Non-Hispanic White","Less than HS",2.37,"Never","No",-0.00253747194751346,0.004280283121467
80.9,174.962,51,1,"Non-Hispanic White","Less than HS",2.37,"Never","No",-0.0026796198618494,0.00426558946840414
87.3,174.962,51,1,"Non-Hispanic White","Less than HS",2.37,"Never","No",-0.00282066745513061,0.00425316291115191
93,174.962,51,1,"Non-Hispanic White","Less than HS",2.37,"Never","No",-0.00294598419041735,0.00424400756878658
99,174.962,51,1,"Non-Hispanic White","Less than HS",2.37,"Never","No",-0.00307820730666719,0.00423625330844857
106.5,174.962,51,1,"Non-Hispanic White","Less than HS",2.37,"Never","No",-0.00324487880933792,0.00422910097262442
114.62,174.962,51,1,"Non-Hispanic White","Less than HS",2.37,"Never","No",-0.00342779102913937,0.00422435013047805
121.7,174.962,51,1,"Non-Hispanic White","Less than HS",2.37,"Never","No",-0.00358910217935633,0.00422277823709273
130.64,174.962,51,1,"Non-Hispanic White","Less than HS",2.37,"Never","No",-0.00379469941710924,0.0042243939302598
141.7,174.962,51,1,"Non-Hispanic White","Less than HS",2.37,"Never","No",-0.00405109241148903,0.00423230315188916
153.18,174.962,51,1,"Non-Hispanic White","Less than HS",2.37,"Never","No",-0.00431838246275977,0.00424773949208897
165.6,174.962,51,1,"Non-Hispanic White","Less than HS",2.37,"Never","No",-0.00460785717509211,0.00427274337175114
187,174.962,51,1,"Non-Hispanic White","Less than HS",2.37,"Never","No",-0.00510710006278412,0.00433539688003319
223.28,174.962,51,1,"Non-Hispanic White","Less than HS",2.37,"Never","No",-0.00595480045582793,0.0044944163586318
35.19,177.784,51,1,"Non-Hispanic White","Less than HS",2.37,"Never","No",-0.00145920558402228,0.00439409190840249
46.06,177.784,51,1,"Non-Hispanic White","Less than HS",2.37,"Never","No",-0.00172899716337212,0.00435248043360894
54.39,177.784,51,1,"Non-Hispanic White","Less than HS",2.37,"Never","No",-0.00193302814033782,0.00432414702525425
62.2,177.784,51,1,"Non-Hispanic White","Less than HS",2.37,"Never","No",-0.00212175264723323,0.00430037710431102
68,177.784,51,1,"Non-Hispanic White","Less than HS",2.37,"Never","No",-0.00226007979207629,0.00428450239723462
74.5,177.784,51,1,"Non-Hispanic White","Less than HS",2.37,"Never","No",-0.00241317390779155,0.00426858269873577
80.9,177.784,51,1,"Non-Hispanic White","Less than HS",2.37,"Never","No",-0.00256239719847747,0.00425494639863245
87.3,177.784,51,1,"Non-Hispanic White","Less than HS",2.37,"Never","No",-0.00271074358379483,0.00424340528495932
93,177.784,51,1,"Non-Hispanic White","Less than HS",2.37,"Never","No",-0.00284263216806642,0.00423489603314261
99,177.784,51,1,"Non-Hispanic White","Less than HS",2.37,"Never","No",-0.0029817294066922,0.0042276924192231
106.5,177.784,51,1,"Non-Hispanic White","Less than HS",2.37,"Never","No",-0.00315675354568653,0.00422108165997902
114.62,177.784,51,1,"Non-Hispanic White","Less than HS",2.37,"Never","No",-0.00334827114050841,0.00421677791593682
121.7,177.784,51,1,"Non-Hispanic White","Less than HS",2.37,"Never","No",-0.00351675776541505,0.00421547497133315
130.64,177.784,51,1,"Non-Hispanic White","Less than HS",2.37,"Never","No",-0.0037310687356596,0.00421723524459425
141.7,177.784,51,1,"Non-Hispanic White","Less than HS",2.37,"Never","No",-0.00399786091938947,0.00422495044229947
153.18,177.784,51,1,"Non-Hispanic White","Less than HS",2.37,"Never","No",-0.00427570932139723,0.00423967808052092
165.6,177.784,51,1,"Non-Hispanic White","Less than HS",2.37,"Never","No",-0.0045765131609391,0.00426331672818374
187,177.784,51,1,"Non-Hispanic White","Less than HS",2.37,"Never","No",-0.00509509264309492,0.00432225765698814
223.28,177.784,51,1,"Non-Hispanic White","Less than HS",2.37,"Never","No",-0.0059750555392785,0.00447157972186245
35.19,180.528,51,1,"Non-Hispanic White","Less than HS",2.37,"Never","No",-0.00130483334106035,0.00437697572300753
46.06,180.528,51,1,"Non-Hispanic White","Less than HS",2.37,"Never","No",-0.00158234434233031,0.00433792496526482
54.39,180.528,51,1,"Non-Hispanic White","Less than HS",2.37,"Never","No",-0.00179297734772316,0.00431134383421892
62.2,180.528,51,1,"Non-Hispanic White","Less than HS",2.37,"Never","No",-0.00198854071074139,0.00428906421118366
68,180.528,51,1,"Non-Hispanic White","Less than HS",2.37,"Never","No",-0.00213240796342982,0.00427420230029316
74.5,180.528,51,1,"Non-Hispanic White","Less than HS",2.37,"Never","No",-0.00229219846426943,0.00425931603152883
80.9,180.528,51,1,"Non-Hispanic White","Less than HS",2.37,"Never","No",-0.00244840328487822,0.00424657810079376
87.3,180.528,51,1,"Non-Hispanic White","Less than HS",2.37,"Never","No",-0.00260396368926622,0.00423580777421397
93,180.528,51,1,"Non-Hispanic White","Less than HS",2.37,"Never","No",-0.0027423497873799,0.00422787850699348
99,180.528,51,1,"Non-Hispanic White","Less than HS",2.37,"Never","No",-0.00288823764110905,0.00422118660206473
106.5,180.528,51,1,"Non-Hispanic White","Less than HS",2.37,"Never","No",-0.00307149262774555,0.00421509820065369
114.62,180.528,51,1,"Non-Hispanic White","Less than HS",2.37,"Never","No",-0.00327145480066482,0.00421124141657822
121.7,180.528,51,1,"Non-Hispanic White","Less than HS",2.37,"Never","No",-0.00344695565367762,0.00421022566417296
130.64,180.528,51,1,"Non-Hispanic White","Less than HS",2.37,"Never","No",-0.00366975534846223,0.00421218986384456
141.7,180.528,51,1,"Non-Hispanic White","Less than HS",2.37,"Never","No",-0.00394664675032499,0.00421986553203761
153.18,180.528,51,1,"Non-Hispanic White","Less than HS",2.37,"Never","No",-0.00423473238244153,0.00423416442032326
165.6,180.528,51,1,"Non-Hispanic White","Less than HS",2.37,"Never","No",-0.00454651977288434,0.00425688365656695
187,180.528,51,1,"Non-Hispanic White","Less than HS",2.37,"Never","No",-0.00508384791204725,0.004313196026558
223.28,180.528,51,1,"Non-Hispanic White","Less than HS",2.37,"Never","No",-0.00599509775697755,0.00445540531911636
35.19,183.49,51,1,"Non-Hispanic White","Less than HS",2.37,"Never","No",-0.0011382638074348,0.00436240243474412
46.06,183.49,51,1,"Non-Hispanic White","Less than HS",2.37,"Never","No",-0.00142396956414224,0.00432554464642402
54.39,183.49,51,1,"Non-Hispanic White","Less than HS",2.37,"Never","No",-0.00164167559906182,0.00430048644812958
62.2,183.49,51,1,"Non-Hispanic White","Less than HS",2.37,"Never","No",-0.0018446203325767,0.00427951881987822
68,183.49,51,1,"Non-Hispanic White","Less than HS",2.37,"Never","No",-0.00199450232099893,0.00426555936164898
74.5,183.49,51,1,"Non-Hispanic White","Less than HS",2.37,"Never","No",-0.00216159679021427,0.00425160664142179
80.9,183.49,51,1,"Non-Hispanic White","Less than HS",2.37,"Never","No",-0.00232544072738363,0.00423969681600456
87.3,183.49,51,1,"Non-Hispanic White","Less than HS",2.37,"Never","No",-0.00248890684189256,0.00422965674411382
93,183.49,51,1,"Non-Hispanic White","Less than HS",2.37,"Never","No",-0.00263441520082423,0.00422229527920697
99,183.49,51,1,"Non-Hispanic White","Less than HS",2.37,"Never","No",-0.00278774024297832,0.00421612282466867
106.5,183.49,51,1,"Non-Hispanic White","Less than HS",2.37,"Never","No",-0.00297998800324066,0.00421058711375198
114.62,183.49,51,1,"Non-Hispanic White","Less than HS",2.37,"Never","No",-0.00318913876203965,0.00420722581964642
121.7,183.49,51,1,"Non-Hispanic White","Less than HS",2.37,"Never","No",-0.00337224274563582,0.00420655267144335
130.64,183.49,51,1,"Non-Hispanic White","Less than HS",2.37,"Never","No",-0.00360421252901736,0.0042088142833746
141.7,183.49,51,1,"Non-Hispanic White","Less than HS",2.37,"Never","No",-0.00389198000837971,0.00421661602802908
153.18,183.49,51,1,"Non-Hispanic White","Less than HS",2.37,"Never","No",-0.00419107268288168,0.00423073065569764
165.6,183.49,51,1,"Non-Hispanic White","Less than HS",2.37,"Never","No",-0.00451466882021235,0.0042528820346748
187,183.49,51,1,"Non-Hispanic White","Less than HS",2.37,"Never","No",-0.0050721571465518,0.00430736384955854
223.28,183.49,51,1,"Non-Hispanic White","Less than HS",2.37,"Never","No",-0.00601705782752986,0.00444426842710168
35.19,185.993,51,1,"Non-Hispanic White","Less than HS",2.37,"Never","No",-0.000997660898932231,0.00435320737796537
46.06,185.993,51,1,"Non-Hispanic White","Less than HS",2.37,"Never","No",-0.00129018289361362,0.00431773314493492
54.39,185.993,51,1,"Non-Hispanic White","Less than HS",2.37,"Never","No",-0.00151382218372082,0.00429366233863046
62.2,185.993,51,1,"Non-Hispanic White","Less than HS",2.37,"Never","No",-0.00172300083672487,0.00427356575278574
68,185.993,51,1,"Non-Hispanic White","Less than HS",2.37,"Never","No",-0.00187798938596614,0.00426021796777779
74.5,185.993,51,1,"Non-Hispanic White","Less than HS",2.37,"Never","No",-0.00205131069771426,0.00424691083811829
80.9,185.993,51,1,"Non-Hispanic White","Less than HS",2.37,"Never","No",-0.00222168533566912,0.00423558803583327
87.3,185.993,51,1,"Non-Hispanic White","Less than HS",2.37,"Never","No",-0.00239191906177273,0.00422608125224335
93,185.993,51,1,"Non-Hispanic White","Less than HS",2.37,"Never","No",-0.00254352544325974,0.00421914856271561
99,185.993,51,1,"Non-Hispanic White","Less than HS",2.37,"Never","No",-0.00270321303088547,0.00421338306123347
106.5,185.993,51,1,"Non-Hispanic White","Less than HS",2.37,"Never","No",-0.00290313711895714,0.00420830024807062
114.62,185.993,51,1,"Non-Hispanic White","Less than HS",2.37,"Never","No",-0.00312010200098701,0.00420536811640187
121.7,185.993,51,1,"Non-Hispanic White","Less than HS",2.37,"Never","No",-0.00330964910342604,0.00420501458859901
130.64,185.993,51,1,"Non-Hispanic White","Less than HS",2.37,"Never","No",-0.0035493653662539,0.00420759617053283
141.7,185.993,51,1,"Non-Hispanic White","Less than HS",2.37,"Never","No",-0.00384629401247795,0.00421564374381958
153.18,185.993,51,1,"Non-Hispanic White","Less than HS",2.37,"Never","No",-0.00415464443263457,0.0042298189662375
165.6,185.993,51,1,"Non-Hispanic White","Less than HS",2.37,"Never","No",-0.00448817231273528,0.00425180938895819
187,185.993,51,1,"Non-Hispanic White","Less than HS",2.37,"Never","No",-0.00506261938783796,0.0043054865711711
223.28,185.993,51,1,"Non-Hispanic White","Less than HS",2.37,"Never","No",-0.0060358357912508,0.00443964930882544
35.19,189.006,51,1,"Non-Hispanic White","Less than HS",2.37,"Never","No",-0.000828752385951489,0.00434591219354556
46.06,189.006,51,1,"Non-Hispanic White","Less than HS",2.37,"Never","No",-0.0011293631215735,0.00431153120341834
54.39,189.006,51,1,"Non-Hispanic White","Less than HS",2.37,"Never","No",-0.00136009495433692,0.00428828488530471
62.2,189.006,51,1,"Non-Hispanic White","Less than HS",2.37,"Never","No",-0.00157676853091506,0.0042689480426458
68,189.006,51,1,"Non-Hispanic White","Less than HS",2.37,"Never","No",-0.00173792385934573,0.00425615303126712
74.5,189.006,51,1,"Non-Hispanic White","Less than HS",2.37,"Never","No",-0.00191879079454835,0.00424344882970489
80.9,189.006,51,1,"Non-Hispanic White","Less than HS",2.37,"Never","No",-0.00209709742791834,0.00423269614221069
87.3,189.006,51,1,"Non-Hispanic White","Less than HS",2.37,"Never","No",-0.00227555974187428,0.00422373086781864
93,189.006,51,1,"Non-Hispanic White","Less than HS",2.37,"Never","No",-0.00243458141781349,0.00421725421653314
99,189.006,51,1,"Non-Hispanic White","Less than HS",2.37,"Never","No",-0.00260200051514487,0.00421194197886543
106.5,189.006,51,1,"Non-Hispanic White","Less than HS",2.37,"Never","No",-0.0028112348785397,0.00420738928269133
114.62,189.006,51,1,"Non-Hispanic White","Less than HS",2.37,"Never","No",-0.0030376467815878,0.00420498649025712
121.7,189.006,51,1,"Non-Hispanic White","Less than HS",2.37,"Never","No",-0.0032349598470504,0.00420505215049746
130.64,189.006,51,1,"Non-Hispanic White","Less than HS",2.37,"Never","No",-0.00348398753488597,0.00420809720423864
141.7,189.006,51,1,"Non-Hispanic White","Less than HS",2.37,"Never","No",-0.00379190059759769,0.00421660133720188
153.18,189.006,51,1,"Non-Hispanic White","Less than HS",2.37,"Never","No",-0.00411133711026693,0.00423110259264985
165.6,189.006,51,1,"Non-Hispanic White","Less than HS",2.37,"Never","No",-0.004456758261198,0.00425327656225383
187,189.006,51,1,"Non-Hispanic White","Less than HS",2.37,"Never","No",-0.00505151757262343,0.00430687083457993
223.28,189.006,51,1,"Non-Hispanic White","Less than HS",2.37,"Never","No",-0.00605866070305953,0.00443982751028263
35.19,192.147,51,1,"Non-Hispanic White","Less than HS",2.37,"Never","No",-0.000653279217579901,0.00434271625046438
46.06,192.147,51,1,"Non-Hispanic White","Less than HS",2.37,"Never","No",-0.000962217201552027,0.00430881617703029
54.39,192.147,51,1,"Non-Hispanic White","Less than HS",2.37,"Never","No",-0.00120029316861711,0.00428600719274384
62.2,192.147,51,1,"Non-Hispanic White","Less than HS",2.37,"Never","No",-0.00142476261668047,0.00426712247720074
68,192.147,51,1,"Non-Hispanic White","Less than HS",2.37,"Never","No",-0.00159235446910239,0.00425468459270576
74.5,192.147,51,1,"Non-Hispanic White","Less than HS",2.37,"Never","No",-0.00178111805760658,0.00424240000136933
80.9,192.147,51,1,"Non-Hispanic White","Less than HS",2.37,"Never","No",-0.00196774020996071,0.00423208098837079
87.3,192.147,51,1,"Non-Hispanic White","Less than HS",2.37,"Never","No",-0.00215483587235704,0.00422356840307302
93,192.147,51,1,"Non-Hispanic White","Less than HS",2.37,"Never","No",-0.00232163800659748,0.00421750702235513
99,192.147,51,1,"Non-Hispanic White","Less than HS",2.37,"Never","No",-0.00249716460315308,0.00421263741448216
106.5,192.147,51,1,"Non-Hispanic White","Less than HS",2.37,"Never","No",-0.00271614709016018,0.00420863167635927
114.62,192.147,51,1,"Non-Hispanic White","Less than HS",2.37,"Never","No",-0.00295242483181073,0.00420679524091441
121.7,192.147,51,1,"Non-Hispanic White","Less than HS",2.37,"Never","No",-0.00315782838969188,0.00420732742602637
130.64,192.147,51,1,"Non-Hispanic White","Less than HS",2.37,"Never","No",-0.00341653522998876,0.00421092635717419
141.7,192.147,51,1,"Non-Hispanic White","Less than HS",2.37,"Never","No",-0.00373584352757495,0.00422007080634487
153.18,192.147,51,1,"Non-Hispanic White","Less than HS",2.37,"Never","No",-0.00406676921486012,0.00423519970305807
165.6,192.147,51,1,"Non-Hispanic White","Less than HS",2.37,"Never","No",-0.00442451671564914,0.00425802024973946
187,192.147,51,1,"Non-Hispanic White","Less than HS",2.37,"Never","No",-0.00504033284746077,0.00431263585399331
223.28,192.147,51,1,"Non-Hispanic White","Less than HS",2.37,"Never","No",-0.00608266043264555,0.00444700812343148
35.19,195.914,51,1,"Non-Hispanic White","Less than HS",2.37,"Never","No",-0.000443983628693292,0.0043448539357207
46.06,195.914,51,1,"Non-Hispanic White","Less than HS",2.37,"Never","No",-0.000762813945718993,0.00431065956984777
54.39,195.914,51,1,"Non-Hispanic White","Less than HS",2.37,"Never","No",-0.00100964331411434,0.00428781036931457
62.2,195.914,51,1,"Non-Hispanic White","Less than HS",2.37,"Never","No",-0.0012434283721866,0.00426900421167223
68,195.914,51,1,"Non-Hispanic White","Less than HS",2.37,"Never","No",-0.00141872642922234,0.00425669039100191
74.5,195.914,51,1,"Non-Hispanic White","Less than HS",2.37,"Never","No",-0.00161695844979567,0.00424461733035619
80.9,195.914,51,1,"Non-Hispanic White","Less than HS",2.37,"Never","No",-0.00181356077839393,0.00423459880361596
87.3,195.914,51,1,"Non-Hispanic White","Less than HS",2.37,"Never","No",-0.00201102221953228,0.00422648630698787
93,195.914,51,1,"Non-Hispanic White","Less than HS",2.37,"Never","No",-0.00218716577332436,0.00422085741194778
99,195.914,51,1,"Non-Hispanic White","Less than HS",2.37,"Never","No",-0.00237242244205887,0.00421649848468163
106.5,195.914,51,1,"Non-Hispanic White","Less than HS",2.37,"Never","No",-0.00260309240609965,0.00421315963670631
114.62,195.914,51,1,"Non-Hispanic White","Less than HS",2.37,"Never","No",-0.00285117943048797,0.00421202115114017
121.7,195.914,51,1,"Non-Hispanic White","Less than HS",2.37,"Never","No",-0.00306625226329486,0.00421313568831885
130.64,195.914,51,1,"Non-Hispanic White","Less than HS",2.37,"Never","No",-0.00333651098024685,0.00421746222876585
141.7,195.914,51,1,"Non-Hispanic White","Less than HS",2.37,"Never","No",-0.00366940227006044,0.0042275624515916
153.18,195.914,51,1,"Non-Hispanic White","Less than HS",2.37,"Never","No",-0.00401401501274288,0.00424382547844884
165.6,195.914,51,1,"Non-Hispanic White","Less than HS",2.37,"Never","No",-0.00438644864848366,0.00426806718095196
187,195.914,51,1,"Non-Hispanic White","Less than HS",2.37,"Never","No",-0.00502735963004154,0.00432553708958194
223.28,195.914,51,1,"Non-Hispanic White","Less than HS",2.37,"Never","No",-0.00611163848947361,0.00446560767954553
35.19,199.315,51,1,"Non-Hispanic White","Less than HS",2.37,"Never","No",-0.000256412887204339,0.00435238835283923
46.06,199.315,51,1,"Non-Hispanic White","Less than HS",2.37,"Never","No",-0.0005841315841531,0.00431712946246024
54.39,199.315,51,1,"Non-Hispanic White","Less than HS",2.37,"Never","No",-0.0008388250834909,0.00429371985519239
62.2,199.315,51,1,"Non-Hispanic White","Less than HS",2.37,"Never","No",-0.00108097862447369,0.00427454704659303
68,199.315,51,1,"Non-Hispanic White","Less than HS",2.37,"Never","No",-0.00126319892468844,0.00426205411832661
74.5,199.315,51,1,"Non-Hispanic White","Less than HS",2.37,"Never","No",-0.00146993563389312,0.00424989159986287
80.9,199.315,51,1,"Non-Hispanic White","Less than HS",2.37,"Never","No",-0.0016755015561524,0.00423993618625945
87.3,199.315,51,1,"Non-Hispanic White","Less than HS",2.37,"Never","No",-0.00188227187169082,0.00423205617636023
93,199.315,51,1,"Non-Hispanic White","Less than HS",2.37,"Never","No",-0.00206680323645853,0.00422676665976817
99,199.315,51,1,"Non-Hispanic White","Less than HS",2.37,"Never","No",-0.00226079521048759,0.00422286334705398
106.5,199.315,51,1,"Non-Hispanic White","Less than HS",2.37,"Never","No",-0.0025019550576506,0.00422014909082486
114.62,199.315,51,1,"Non-Hispanic White","Less than HS",2.37,"Never","No",-0.00276063748754665,0.00421965723388902
121.7,199.315,51,1,"Non-Hispanic White","Less than HS",2.37,"Never","No",-0.00298438291534187,0.00422130711887816
130.64,199.315,51,1,"Non-Hispanic White","Less than HS",2.37,"Never","No",-0.00326500002602062,0.00422632811354993
141.7,199.315,51,1,"Non-Hispanic White","Less than HS",2.37,"Never","No",-0.00361006861167486,0.00423744488931872
153.18,199.315,51,1,"Non-Hispanic White","Less than HS",2.37,"Never","No",-0.00396695197583552,0.00425508597499046
165.6,199.315,51,1,"Non-Hispanic White","Less than HS",2.37,"Never","No",-0.00435255442481553,0.00428123894538651
187,199.315,51,1,"Non-Hispanic White","Less than HS",2.37,"Never","No",-0.00501597418313574,0.00434290612669557
223.28,199.315,51,1,"Non-Hispanic White","Less than HS",2.37,"Never","No",-0.00613790008069623,0.00449213044636542
35.19,204.166,51,1,"Non-Hispanic White","Less than HS",2.37,"Never","No",8.27888326471953e-06,0.00437226798914846
46.06,204.166,51,1,"Non-Hispanic White","Less than HS",2.37,"Never","No",-0.000332132517100326,0.00433420986622478
54.39,204.166,51,1,"Non-Hispanic White","Less than HS",2.37,"Never","No",-0.000598001972225614,0.00430915220063833
62.2,204.166,51,1,"Non-Hispanic White","Less than HS",2.37,"Never","No",-0.000852003910057604,0.00428874167275797
68,204.166,51,1,"Non-Hispanic White","Less than HS",2.37,"Never","No",-0.00104399721808393,0.00427551489074881
74.5,204.166,51,1,"Non-Hispanic White","Less than HS",2.37,"Never","No",-0.00126271472530474,0.00426276259224358
80.9,204.166,51,1,"Non-Hispanic White","Less than HS",2.37,"Never","No",-0.0014808887057077,0.00425255432233471
87.3,204.166,51,1,"Non-Hispanic White","Less than HS",2.37,"Never","No",-0.00170074184668684,0.00424479529963367
93,204.166,51,1,"Non-Hispanic White","Less than HS",2.37,"Never","No",-0.00189705807487507,0.00423990811836905
99,204.166,51,1,"Non-Hispanic White","Less than HS",2.37,"Never","No",-0.00210332488136017,0.00423664851983502
106.5,204.166,51,1,"Non-Hispanic White","Less than HS",2.37,"Never","No",-0.00235923568004875,0.00423486399173195
114.62,204.166,51,1,"Non-Hispanic White","Less than HS",2.37,"Never","No",-0.00263283774971716,0.00423531940776522
121.7,204.166,51,1,"Non-Hispanic White","Less than HS",2.37,"Never","No",-0.00286881158463537,0.00423774382152621
130.64,204.166,51,1,"Non-Hispanic White","Less than HS",2.37,"Never","No",-0.00316405251536164,0.00424380939952878
141.7,204.166,51,1,"Non-Hispanic White","Less than HS",2.37,"Never","No",-0.00352633425039787,0.00425662079485159
153.18,204.166,51,1,"Non-Hispanic White","Less than HS",2.37,"Never","No",-0.00390057666794437,0.00427680605148092
165.6,204.166,51,1,"Non-Hispanic White","Less than HS",2.37,"Never","No",-0.00430481455046937,0.00430671818060645
187,204.166,51,1,"Non-Hispanic White","Less than HS",2.37,"Never","No",-0.00500009819211752,0.0043770379734979
223.28,204.166,51,1,"Non-Hispanic White","Less than HS",2.37,"Never","No",-0.00617535017105867,0.00454587845469011
35.19,209.191,51,1,"Non-Hispanic White","Less than HS",2.37,"Never","No",0.000278498608376436,0.00440395341090975
46.06,209.191,51,1,"Non-Hispanic White","Less than HS",2.37,"Never","No",-7.5132632762082e-05,0.00436144909172125
54.39,209.191,51,1,"Non-Hispanic White","Less than HS",2.37,"Never","No",-0.000352542861989187,0.00433365456252301
62.2,209.191,51,1,"Non-Hispanic White","Less than HS",2.37,"Never","No",-0.000618698234274459,0.00431109699358909
68,209.191,51,1,"Non-Hispanic White","Less than HS",2.37,"Never","No",-0.000820664775952599,0.00429653342004119
74.5,209.191,51,1,"Non-Hispanic White","Less than HS",2.37,"Never","No",-0.00105155968772653,0.00428261304430366
80.9,209.191,51,1,"Non-Hispanic White","Less than HS",2.37,"Never","No",-0.00128251332296926,0.00427172421518938
87.3,209.191,51,1,"Non-Hispanic White","Less than HS",2.37,"Never","No",-0.00151560793263055,0.00426382299389794
93,209.191,51,1,"Non-Hispanic White","Less than HS",2.37,"Never","No",-0.00172384656148202,0.00425923573692508
99,209.191,51,1,"Non-Hispanic White","Less than HS",2.37,"Never","No",-0.00194253627663809,0.00425661411628699
106.5,209.191,51,1,"Non-Hispanic White","Less than HS",2.37,"Never","No",-0.0022133987314811,0.00425581998127743
114.62,209.191,51,1,"Non-Hispanic White","Less than HS",2.37,"Never","No",-0.00250216559002123,0.0042572858034953
121.7,209.191,51,1,"Non-Hispanic White","Less than HS",2.37,"Never","No",-0.00275060230804507,0.00426054051352684
130.64,209.191,51,1,"Non-Hispanic White","Less than HS",2.37,"Never","No",-0.00306078489262091,0.00426778275476229
141.7,209.191,51,1,"Non-Hispanic White","Less than HS",2.37,"Never","No",-0.00344069649607807,0.0042826769873296
153.18,209.191,51,1,"Non-Hispanic White","Less than HS",2.37,"Never","No",-0.00383274434112529,0.00430620287053422
165.6,209.191,51,1,"Non-Hispanic White","Less than HS",2.37,"Never","No",-0.00425610493574948,0.00434122353191829
187,209.191,51,1,"Non-Hispanic White","Less than HS",2.37,"Never","No",-0.00498409981121059,0.00442357300667454
223.28,209.191,51,1,"Non-Hispanic White","Less than HS",2.37,"Never","No",-0.00621413632364299,0.00462012837926017
35.19,215.672,51,1,"Non-Hispanic White","Less than HS",2.37,"Never","No",0.000620825138219174,0.00446095485131317
46.06,215.672,51,1,"Non-Hispanic White","Less than HS",2.37,"Never","No",0.000250033693837959,0.00441049088670648
54.39,215.672,51,1,"Non-Hispanic White","Less than HS",2.37,"Never","No",-4.22093804649696e-05,0.00437767797043385
62.2,215.672,51,1,"Non-Hispanic White","Less than HS",2.37,"Never","No",-0.000323862341432305,0.00435110747737773
68,215.672,51,1,"Non-Hispanic White","Less than HS",2.37,"Never","No",-0.000538468721211342,0.00433399613033894
74.5,215.672,51,1,"Non-Hispanic White","Less than HS",2.37,"Never","No",-0.000784722786764294,0.00431777372569912
80.9,215.672,51,1,"Non-Hispanic White","Less than HS",2.37,"Never","No",-0.00103174136965474,0.00430539876545905
87.3,215.672,51,1,"Non-Hispanic White","Less than HS",2.37,"Never","No",-0.00128145181760346,0.00429690461575072
93,215.672,51,1,"Non-Hispanic White","Less than HS",2.37,"Never","No",-0.00150464291472958,0.00429250037839941
99,215.672,51,1,"Non-Hispanic White","Less than HS",2.37,"Never","No",-0.00173892027868047,0.0042906174519762
106.5,215.672,51,1,"Non-Hispanic White","Less than HS",2.37,"Never","No",-0.00202857834184493,0.00429110129107873
114.62,215.672,51,1,"Non-Hispanic White","Less than HS",2.37,"Never","No",-0.00233647341719693,0.00429391190430342
121.7,215.672,51,1,"Non-Hispanic White","Less than HS",2.37,"Never","No",-0.00260068160736798,0.00429830911315471
130.64,215.672,51,1,"Non-Hispanic White","Less than HS",2.37,"Never","No",-0.00292982957301001,0.00430726512184826
141.7,215.672,51,1,"Non-Hispanic White","Less than HS",2.37,"Never","No",-0.00333218348293444,0.00432537868517126
153.18,215.672,51,1,"Non-Hispanic White","Less than HS",2.37,"Never","No",-0.00374693665821561,0.00435423245509145
165.6,215.672,51,1,"Non-Hispanic White","Less than HS",2.37,"Never","No",-0.00419469445535192,0.00439750709863845
187,215.672,51,1,"Non-Hispanic White","Less than HS",2.37,"Never","No",-0.00496444414250223,0.00449943266700991
223.28,215.672,51,1,"Non-Hispanic White","Less than HS",2.37,"Never","No",-0.00626447123401319,0.00474119194092776
35.19,227.827,51,1,"Non-Hispanic White","Less than HS",2.37,"Never","No",0.00124385457169767,0.00461410008888447
46.06,227.827,51,1,"Non-Hispanic White","Less than HS",2.37,"Never","No",0.000840556433310205,0.00454251564520285
54.39,227.827,51,1,"Non-Hispanic White","Less than HS",2.37,"Never","No",0.00052064712961507,0.0044961053542529
62.2,227.827,51,1,"Non-Hispanic White","Less than HS",2.37,"Never","No",0.000210449938490112,0.00445852567950871
68,227.827,51,1,"Non-Hispanic White","Less than HS",2.37,"Never","No",-2.72062841494749e-05,0.004434345171469
74.5,227.827,51,1,"Non-Hispanic White","Less than HS",2.37,"Never","No",-0.000301247148523868,0.00441158913339673
80.9,227.827,51,1,"Non-Hispanic White","Less than HS",2.37,"Never","No",-0.00057716765215249,0.004394685976299
87.3,227.827,51,1,"Non-Hispanic White","Less than HS",2.37,"Never","No",-0.000856681711485925,0.00438382411087926
93,227.827,51,1,"Non-Hispanic White","Less than HS",2.37,"Never","No",-0.00110666820366821,0.00437904382855555
99,227.827,51,1,"Non-Hispanic White","Less than HS",2.37,"Never","No",-0.0013689018080817,0.00437813724856336
106.5,227.827,51,1,"Non-Hispanic White","Less than HS",2.37,"Never","No",-0.00169237533404349,0.00438086345900569
114.62,227.827,51,1,"Non-Hispanic White","Less than HS",2.37,"Never","No",-0.00203487934018412,0.00438630908482248
121.7,227.827,51,1,"Non-Hispanic White","Less than HS",2.37,"Never","No",-0.00232777732006123,0.00439317327566576
130.64,227.827,51,1,"Non-Hispanic White","Less than HS",2.37,"Never","No",-0.0026915961154565,0.0044061352024266
141.7,227.827,51,1,"Non-Hispanic White","Less than HS",2.37,"Never","No",-0.00313517056560272,0.00443204338703862
153.18,227.827,51,1,"Non-Hispanic White","Less than HS",2.37,"Never","No",-0.00359174515074227,0.00447380028378303
165.6,227.827,51,1,"Non-Hispanic White","Less than HS",2.37,"Never","No",-0.00408447657217129,0.00453694951817192
187,227.827,51,1,"Non-Hispanic White","Less than HS",2.37,"Never","No",-0.0049312593420202,0.00468568727882017
223.28,227.827,51,1,"Non-Hispanic White","Less than HS",2.37,"Never","No",-0.00636058942297731,0.00503427652070259
